name,result
sequential_10_10_3,0.0075626
lines_10_10_3_2,0.0413086
sequential_1000_1000_3,54.46173
lines_1000_1000_3_2,28.042430000000003
lines_1000_1000_3_4,14.35848
lines_1000_1000_3_8,7.8250079999999995
lines_1000_1000_3_16,7.826198000000001
sequential_10000_10000_3,5461.973999999999
lines_10000_10000_3_2,2771.4
lines_10000_10000_3_4,1423.0649999999998
lines_10000_10000_3_8,717.7211
lines_10000_10000_3_16,624.6564000000001
