name,result
sequential_10_10_3,0.0898793
lines_10_10_3_2,1.4633832
sequential_1000_1000_3,33.2194335
lines_1000_1000_3_2,30.507020599999993
lines_1000_1000_3_4,42.801966699999994
lines_1000_1000_3_8,65.4224126
lines_1000_1000_3_16,100.0668708
sequential_10000_10000_3,1123.7385209
lines_10000_10000_3_2,590.0420668
lines_10000_10000_3_4,345.4255958
lines_10000_10000_3_8,239.45668770000003
lines_10000_10000_3_16,300.60814569999997
