Type,Matrix Size,Filter Size,Time
Sequential,24,3,0.009739999999999999
CUDA,24,3,195.37
Sequential,120,5,0.44835
CUDA,120,5,93.29085
Sequential,720,7,29.412800000000004
CUDA,720,7,103.85296000000001
Sequential,2500,9,585.0570999999999
CUDA,2500,9,296.4521000000001
Sequential,6400,11,6832.958000000001
CUDA,6400,11,1513.8799999999997
